Method,Mean,Std
DASE,0.655375,0.026896295549493698
Random,0.56575,0.024510930506321315
Ablation,0.588125,0.008999007881824696
